ResponseID,ResponseSet,Name,StartDate,EndDate,Finished,1- Idade:,2- Qual o seu curso?,3- Qual a primeira escola de engenharia que lhe vem a cabeca?,4- Qual escola de engenharia brasileira voce considera a melhor?,"5- Se respondeu ""outra"" na questao anterior, qual?","6- Usando uma escala de 1 a 7, onde 1/ discordo fortemente e 7 / concordo fortemente, classifique...- tradicional-FEI","6- Usando uma escala de 1 a 7, onde 1/ discordo fortemente e 7 / concordo fortemente, classifique...- tradicional-POLI - USP","6- Usando uma escala de 1 a 7, onde 1/ discordo fortemente e 7 / concordo fortemente, classifique...- tradicional-Maua","6- Usando uma escala de 1 a 7, onde 1/ discordo fortemente e 7 / concordo fortemente, classifique...- tradicional-Insper","6- Usando uma escala de 1 a 7, onde 1/ discordo fortemente e 7 / concordo fortemente, classifique...- tradicional-USP-Sao Carlos","6- Usando uma escala de 1 a 7, onde 1/ discordo fortemente e 7 / concordo fortemente, classifique...- tradicional-Mackenzie","6- Usando uma escala de 1 a 7, onde 1/ discordo fortemente e 7 / concordo fortemente, classifique...- tradicional-ITA","6- Usando uma escala de 1 a 7, onde 1/ discordo fortemente e 7 / concordo fortemente, classifique...-Estimula inovacao-FEI","6- Usando uma escala de 1 a 7, onde 1/ discordo fortemente e 7 / concordo fortemente, classifique...-Estimula inovacao-POLI - USP","6- Usando uma escala de 1 a 7, onde 1/ discordo fortemente e 7 / concordo fortemente, classifique...-Estimula inovacao-Maua","6- Usando uma escala de 1 a 7, onde 1/ discordo fortemente e 7 / concordo fortemente, classifique...-Estimula inovacao-Insper","6- Usando uma escala de 1 a 7, onde 1/ discordo fortemente e 7 / concordo fortemente, classifique...-Estimula inovacao-USP-Sao Carlos","6- Usando uma escala de 1 a 7, onde 1/ discordo fortemente e 7 / concordo fortemente, classifique...-Estimula inovacao-Mackenzie","6- Usando uma escala de 1 a 7, onde 1/ discordo fortemente e 7 / concordo fortemente, classifique...-Estimula inovacao-ITA","6- Usando uma escala de 1 a 7, onde 1/ discordo fortemente e 7 / concordo fortemente, classifique...-Estimula conhecimento tecnico-FEI","6- Usando uma escala de 1 a 7, onde 1/ discordo fortemente e 7 / concordo fortemente, classifique...-Estimula conhecimento tecnico-POLI - USP","6- Usando uma escala de 1 a 7, onde 1/ discordo fortemente e 7 / concordo fortemente, classifique...-Estimula conhecimento tecnico-Maua","6- Usando uma escala de 1 a 7, onde 1/ discordo fortemente e 7 / concordo fortemente, classifique...-Estimula conhecimento tecnico-Insper","6- Usando uma escala de 1 a 7, onde 1/ discordo fortemente e 7 / concordo fortemente, classifique...-Estimula conhecimento tecnico-USP-Sao Carlos","6- Usando uma escala de 1 a 7, onde 1/ discordo fortemente e 7 / concordo fortemente, classifique...-Estimula conhecimento tecnico-Mackenzie","6- Usando uma escala de 1 a 7, onde 1/ discordo fortemente e 7 / concordo fortemente, classifique...-Estimula conhecimento tecnico-ITA","6- Usando uma escala de 1 a 7, onde 1/ discordo fortemente e 7 / concordo fortemente, classifique...-Reconhecimento no mercado de trabalho (para o Insper, a percepcao ao se graduar)-FEI","6- Usando uma escala de 1 a 7, onde 1/ discordo fortemente e 7 / concordo fortemente, classifique...-Reconhecimento no mercado de trabalho (para o Insper, a percepcao ao se graduar)-POLI - USP","6- Usando uma escala de 1 a 7, onde 1/ discordo fortemente e 7 / concordo fortemente, classifique...-Reconhecimento no mercado de trabalho (para o Insper, a percepcao ao se graduar)-Maua","6- Usando uma escala de 1 a 7, onde 1/ discordo fortemente e 7 / concordo fortemente, classifique...-Reconhecimento no mercado de trabalho (para o Insper, a percepcao ao se graduar)-Insper","6- Usando uma escala de 1 a 7, onde 1/ discordo fortemente e 7 / concordo fortemente, classifique...-Reconhecimento no mercado de trabalho (para o Insper, a percepcao ao se graduar)-USP-Sao Carlos","6- Usando uma escala de 1 a 7, onde 1/ discordo fortemente e 7 / concordo fortemente, classifique...-Reconhecimento no mercado de trabalho (para o Insper, a percepcao ao se graduar)-Mackenzie","6- Usando uma escala de 1 a 7, onde 1/ discordo fortemente e 7 / concordo fortemente, classifique...-Reconhecimento no mercado de trabalho (para o Insper, a percepcao ao se graduar)-ITA","6- Usando uma escala de 1 a 7, onde 1/ discordo fortemente e 7 / concordo fortemente, classifique...-Estimula o Empreendedorismo-FEI","6- Usando uma escala de 1 a 7, onde 1/ discordo fortemente e 7 / concordo fortemente, classifique...-Estimula o Empreendedorismo-POLI - USP","6- Usando uma escala de 1 a 7, onde 1/ discordo fortemente e 7 / concordo fortemente, classifique...-Estimula o Empreendedorismo-Maua","6- Usando uma escala de 1 a 7, onde 1/ discordo fortemente e 7 / concordo fortemente, classifique...-Estimula o Empreendedorismo-Insper","6- Usando uma escala de 1 a 7, onde 1/ discordo fortemente e 7 / concordo fortemente, classifique...-Estimula o Empreendedorismo-USP-Sao Carlos","6- Usando uma escala de 1 a 7, onde 1/ discordo fortemente e 7 / concordo fortemente, classifique...-Estimula o Empreendedorismo-Mackenzie","6- Usando uma escala de 1 a 7, onde 1/ discordo fortemente e 7 / concordo fortemente, classifique...-Estimula o Empreendedorismo-ITA","6- Usando uma escala de 1 a 7, onde 1/ discordo fortemente e 7 / concordo fortemente, classifique...-Possui boa relacao custo x beneficio (valor monetario)-FEI","6- Usando uma escala de 1 a 7, onde 1/ discordo fortemente e 7 / concordo fortemente, classifique...-Possui boa relacao custo x beneficio (valor monetario)-POLI - USP","6- Usando uma escala de 1 a 7, onde 1/ discordo fortemente e 7 / concordo fortemente, classifique...-Possui boa relacao custo x beneficio (valor monetario)-Maua","6- Usando uma escala de 1 a 7, onde 1/ discordo fortemente e 7 / concordo fortemente, classifique...-Possui boa relacao custo x beneficio (valor monetario)-Insper","6- Usando uma escala de 1 a 7, onde 1/ discordo fortemente e 7 / concordo fortemente, classifique...-Possui boa relacao custo x beneficio (valor monetario)-USP-Sao Carlos","6- Usando uma escala de 1 a 7, onde 1/ discordo fortemente e 7 / concordo fortemente, classifique...-Possui boa relacao custo x beneficio (valor monetario)-Mackenzie","6- Usando uma escala de 1 a 7, onde 1/ discordo fortemente e 7 / concordo fortemente, classifique...-Possui boa relacao custo x beneficio (valor monetario)-ITA","6- Usando uma escala de 1 a 7, onde 1/ discordo fortemente e 7 / concordo fortemente, classifique...-Possui boa infraestrutura (sala de aula, biblioteca, laboratÌ_rio)-FEI","6- Usando uma escala de 1 a 7, onde 1/ discordo fortemente e 7 / concordo fortemente, classifique...-Possui boa infraestrutura (sala de aula, biblioteca, laboratÌ_rio)-POLI - USP","6- Usando uma escala de 1 a 7, onde 1/ discordo fortemente e 7 / concordo fortemente, classifique...-Possui boa infraestrutura (sala de aula, biblioteca, laboratÌ_rio)-Maua","6- Usando uma escala de 1 a 7, onde 1/ discordo fortemente e 7 / concordo fortemente, classifique...-Possui boa infraestrutura (sala de aula, biblioteca, laboratÌ_rio)-Insper","6- Usando uma escala de 1 a 7, onde 1/ discordo fortemente e 7 / concordo fortemente, classifique...-Possui boa infraestrutura (sala de aula, biblioteca, laboratÌ_rio)-USP-Sao Carlos","6- Usando uma escala de 1 a 7, onde 1/ discordo fortemente e 7 / concordo fortemente, classifique...-Possui boa infraestrutura (sala de aula, biblioteca, laboratÌ_rio)-Mackenzie","6- Usando uma escala de 1 a 7, onde 1/ discordo fortemente e 7 / concordo fortemente, classifique...-Possui boa infraestrutura (sala de aula, biblioteca, laboratÌ_rio)-ITA","6- Usando uma escala de 1 a 7, onde 1/ discordo fortemente e 7 / concordo fortemente, classifique...-Possui professores bem preparados e com alto rigor academico-FEI","6- Usando uma escala de 1 a 7, onde 1/ discordo fortemente e 7 / concordo fortemente, classifique...-Possui professores bem preparados e com alto rigor academico-POLI - USP","6- Usando uma escala de 1 a 7, onde 1/ discordo fortemente e 7 / concordo fortemente, classifique...-Possui professores bem preparados e com alto rigor academico-Maua","6- Usando uma escala de 1 a 7, onde 1/ discordo fortemente e 7 / concordo fortemente, classifique...-Possui professores bem preparados e com alto rigor academico-Insper","6- Usando uma escala de 1 a 7, onde 1/ discordo fortemente e 7 / concordo fortemente, classifique...-Possui professores bem preparados e com alto rigor academico-USP-Sao Carlos","6- Usando uma escala de 1 a 7, onde 1/ discordo fortemente e 7 / concordo fortemente, classifique...-Possui professores bem preparados e com alto rigor academico-Mackenzie","6- Usando uma escala de 1 a 7, onde 1/ discordo fortemente e 7 / concordo fortemente, classifique...-Possui professores bem preparados e com alto rigor academico-ITA","6- Usando uma escala de 1 a 7, onde 1/ discordo fortemente e 7 / concordo fortemente, classifique...-Estimula relacionamento interpessoal-FEI","6- Usando uma escala de 1 a 7, onde 1/ discordo fortemente e 7 / concordo fortemente, classifique...-Estimula relacionamento interpessoal-POLI - USP","6- Usando uma escala de 1 a 7, onde 1/ discordo fortemente e 7 / concordo fortemente, classifique...-Estimula relacionamento interpessoal-Maua","6- Usando uma escala de 1 a 7, onde 1/ discordo fortemente e 7 / concordo fortemente, classifique...-Estimula relacionamento interpessoal-Insper","6- Usando uma escala de 1 a 7, onde 1/ discordo fortemente e 7 / concordo fortemente, classifique...-Estimula relacionamento interpessoal-USP-Sao Carlos","6- Usando uma escala de 1 a 7, onde 1/ discordo fortemente e 7 / concordo fortemente, classifique...-Estimula relacionamento interpessoal-Mackenzie","6- Usando uma escala de 1 a 7, onde 1/ discordo fortemente e 7 / concordo fortemente, classifique...-Estimula relacionamento interpessoal-ITA","6- Usando uma escala de 1 a 7, onde 1/ discordo fortemente e 7 / concordo fortemente, classifique...-Oferece uma boa rede de relacionamentos profissionais (networking)-FEI","6- Usando uma escala de 1 a 7, onde 1/ discordo fortemente e 7 / concordo fortemente, classifique...-Oferece uma boa rede de relacionamentos profissionais (networking)-POLI - USP","6- Usando uma escala de 1 a 7, onde 1/ discordo fortemente e 7 / concordo fortemente, classifique...-Oferece uma boa rede de relacionamentos profissionais (networking)-Maua","6- Usando uma escala de 1 a 7, onde 1/ discordo fortemente e 7 / concordo fortemente, classifique...-Oferece uma boa rede de relacionamentos profissionais (networking)-Insper","6- Usando uma escala de 1 a 7, onde 1/ discordo fortemente e 7 / concordo fortemente, classifique...-Oferece uma boa rede de relacionamentos profissionais (networking)-USP-Sao Carlos","6- Usando uma escala de 1 a 7, onde 1/ discordo fortemente e 7 / concordo fortemente, classifique...-Oferece uma boa rede de relacionamentos profissionais (networking)-Mackenzie","6- Usando uma escala de 1 a 7, onde 1/ discordo fortemente e 7 / concordo fortemente, classifique...-Oferece uma boa rede de relacionamentos profissionais (networking)-ITA","6- Usando uma escala de 1 a 7, onde 1/ discordo fortemente e 7 / concordo fortemente, classifique...-Estimula conhecimento alem do tecnico-FEI","6- Usando uma escala de 1 a 7, onde 1/ discordo fortemente e 7 / concordo fortemente, classifique...-Estimula conhecimento alem do tecnico-POLI - USP","6- Usando uma escala de 1 a 7, onde 1/ discordo fortemente e 7 / concordo fortemente, classifique...-Estimula conhecimento alem do tecnico-Maua","6- Usando uma escala de 1 a 7, onde 1/ discordo fortemente e 7 / concordo fortemente, classifique...-Estimula conhecimento alem do tecnico-Insper","6- Usando uma escala de 1 a 7, onde 1/ discordo fortemente e 7 / concordo fortemente, classifique...-Estimula conhecimento alem do tecnico-USP-Sao Carlos","6- Usando uma escala de 1 a 7, onde 1/ discordo fortemente e 7 / concordo fortemente, classifique...-Estimula conhecimento alem do tecnico-Mackenzie","6- Usando uma escala de 1 a 7, onde 1/ discordo fortemente e 7 / concordo fortemente, classifique...-Estimula conhecimento alem do tecnico-ITA","6- Usando uma escala de 1 a 7, onde 1/ discordo fortemente e 7 / concordo fortemente, classifique...- demasiadamente regrada-FEI","6- Usando uma escala de 1 a 7, onde 1/ discordo fortemente e 7 / concordo fortemente, classifique...- demasiadamente regrada-POLI - USP","6- Usando uma escala de 1 a 7, onde 1/ discordo fortemente e 7 / concordo fortemente, classifique...- demasiadamente regrada-Maua","6- Usando uma escala de 1 a 7, onde 1/ discordo fortemente e 7 / concordo fortemente, classifique...- demasiadamente regrada-Insper","6- Usando uma escala de 1 a 7, onde 1/ discordo fortemente e 7 / concordo fortemente, classifique...- demasiadamente regrada-USP-Sao Carlos","6- Usando uma escala de 1 a 7, onde 1/ discordo fortemente e 7 / concordo fortemente, classifique...- demasiadamente regrada-Mackenzie","6- Usando uma escala de 1 a 7, onde 1/ discordo fortemente e 7 / concordo fortemente, classifique...- demasiadamente regrada-ITA","7- Usando uma escala de 1 a 7, onde 1/ prefiro pouco e 7 prefiro / muito, indique qual o seu grau...-Grau de preferencia-Maua","7- Usando uma escala de 1 a 7, onde 1/ prefiro pouco e 7 prefiro / muito, indique qual o seu grau...-Grau de preferencia-POLI - USP","7- Usando uma escala de 1 a 7, onde 1/ prefiro pouco e 7 prefiro / muito, indique qual o seu grau...-Grau de preferencia-Mackenzie","7- Usando uma escala de 1 a 7, onde 1/ prefiro pouco e 7 prefiro / muito, indique qual o seu grau...-Grau de preferencia-Insper","7- Usando uma escala de 1 a 7, onde 1/ prefiro pouco e 7 prefiro / muito, indique qual o seu grau...-Grau de preferencia-ITA","7- Usando uma escala de 1 a 7, onde 1/ prefiro pouco e 7 prefiro / muito, indique qual o seu grau...-Grau de preferencia-FEI","7- Usando uma escala de 1 a 7, onde 1/ prefiro pouco e 7 prefiro / muito, indique qual o seu grau...-Grau de preferencia-USP-Sao Carlos"
R_XjR0m026AMv9gT7,Default Response Set,Anonymous,4/22/2015 14:13,4/22/2015 14:13,0,,,,,,,,,,,,,,,,,,,,,,,,,,,,,,,,,,,,,,,,,,,,,,,,,,,,,,,,,,,,,,,,,,,,,,,,,,,,,,,,,,,,,,,,,,,,,,,,
R_t03dQaXsofAN917,Default Response Set,Anonymous,4/27/2015 13:35,4/27/2015 13:42,1,18,2,ITA,2,,6,7,7,4,5,6,7,5,4,5,7,6,5,5,6,6,6,7,7,6,7,6,7,6,7,7,5,7,5,5,5,7,6,5,3,6,7,6,7,7,5,7,5,5,6,7,5,6,6,6,7,6,6,6,6,7,5,5,5,7,6,5,1,5,6,6,7,6,5,6,5,6,5,7,7,5,7,5,6,5,5,5,4,7,3,5,1,7,6,2,4
R_3hc2PMkOrKjO3nS,Default Response Set,Anonymous,4/27/2015 13:37,4/27/2015 13:43,1,19,3,Insper,4,,7,7,7,6,7,6,7,6,6,6,7,6,6,7,7,7,7,7,7,6,7,7,7,7,7,7,7,7,6,6,6,7,6,6,6,6,6,6,7,6,6,6,5,6,5,7,5,5,7,7,7,7,7,7,7,7,7,7,7,7,7,7,6,7,7,7,7,7,7,7,7,7,7,7,7,7,7,7,7,7,7,7,7,7,6,3,4,7,1,5,2
R_3JdXK92wB6b340Y,Default Response Set,Anonymous,4/27/2015 13:36,4/27/2015 13:44,1,18,2,ITA,4,,5,7,5,1,5,5,7,3,1,3,6,4,3,1,6,7,5,5,7,5,7,3,6,3,5,6,4,7,2,1,2,7,2,2,2,3,7,3,6,3,3,7,3,1,3,7,3,3,3,4,6,4,6,6,4,7,3,1,3,7,3,3,1,2,1,2,7,2,2,1,2,4,4,7,4,4,7,5,5,5,5,5,5,5,2,5,3,7,4,1,6
R_b41zwaPrhN4kqnr,Default Response Set,Anonymous,4/27/2015 13:36,4/27/2015 13:44,1,19,2,USP,2,,5,7,3,1,6,5,7,5,4,5,7,4,4,1,6,7,5,5,7,4,7,4,7,4,7,7,5,7,6,3,3,7,3,3,1,5,7,5,7,7,4,7,7,5,5,7,5,5,4,7,7,7,7,7,7,7,6,6,6,6,6,6,6,7,5,7,7,7,5,1,4,5,5,7,6,6,5,7,7,7,7,7,7,7,2,7,1,5,4,3,6
R_392cjPqzFBxTLO5,Default Response Set,Anonymous,4/27/2015 13:37,4/27/2015 13:45,1,19,1,POLI,1,,7,6,7,2,7,6,7,4,5,4,7,5,4,3,7,7,7,6,7,6,7,7,7,5,3,5,5,7,2,3,2,6,3,3,1,5,7,4,5,7,4,7,6,5,5,7,5,6,5,7,7,7,7,7,7,7,2,4,2,6,4,5,2,5,4,5,6,4,6,2,6,7,6,6,6,6,5,7,7,7,7,7,7,7,1,7,1,6,7,5,6
R_2uKTbecGTLIxi5k,Default Response Set,Anonymous,4/27/2015 13:38,4/27/2015 13:47,1,18,3,ITA,2,,4,7,4,6,3,4,7,4,2,4,7,2,3,2,5,7,5,4,6,5,7,4,7,4,6,5,3,7,3,3,3,7,3,3,1,3,7,3,5,7,3,7,2,1,2,7,4,4,4,4,7,4,5,3,3,7,3,1,3,7,3,3,1,3,1,4,7,3,3,1,2,1,2,7,2,2,1,5,7,5,1,6,6,7,3,6,1,5,7,2,4
R_sKZL2jEE8tuj4mR,Default Response Set,Anonymous,4/27/2015 13:37,4/27/2015 13:48,1,18,3,Poli,1,,6,6,6,1,6,6,7,4,4,4,6,4,4,4,5,5,5,2,5,5,5,5,5,5,5,5,5,5,4,4,4,6,4,4,4,3,7,3,3,7,3,7,5,1,5,6,1,5,4,7,7,7,7,7,7,7,4,4,4,6,4,4,4,4,6,4,5,6,4,6,4,4,4,7,4,4,4,3,6,3,2,4,5,7,7,3,5,1,2,6,4
R_8B8uObzDFYmc741,Default Response Set,Anonymous,4/27/2015 13:37,4/27/2015 13:50,1,18 anos,2,ITA,8,UNICAMP,4,7,4,1,6,4,5,5,5,5,7,6,5,5,6,7,6,6,7,6,7,7,7,6,7,7,6,7,4,3,4,7,5,3,3,6,7,6,5,7,6,7,7,5,7,7,6,7,7,7,7,7,7,7,6,7,4,3,4,7,3,3,1,7,7,7,7,7,7,7,6,5,6,7,5,5,6,7,7,7,7,7,7,7,3,5,1,7,6,3,6
R_eJ3S2Y3bORVYY9j,Default Response Set,Anonymous,4/27/2015 13:39,4/27/2015 13:50,1,17,3,MIT,1,,6,7,4,1,7,7,7,3,4,5,6,5,3,5,7,7,7,4,7,6,7,4,7,5,5,7,4,7,1,1,1,4,1,1,1,2,7,4,4,7,3,7,3,4,4,7,5,5,7,3,7,6,5,7,4,7,5,1,4,7,2,5,1,4,5,5,5,5,4,4,2,1,2,6,2,4,1,3,7,5,2,3,2,7,4,5,2,7,1,3,6
R_aXonhW9yhiUdROV,Default Response Set,Anonymous,4/27/2015 13:38,4/27/2015 13:50,1,18,1,Poli,1,,5,6,4,1,6,6,7,4,2,5,7,4,4,3,6,7,5,3,5,5,7,5,7,4,6,5,5,7,2,2,2,7,2,2,2,4,7,5,4,7,4,7,6,2,6,7,2,5,3,5,7,5,5,6,4,7,3,6,6,6,6,6,1,4,7,4,6,5,4,7,4,5,5,7,5,5,6,6,7,6,6,6,6,6,5,7,4,6,2,2,4
R_0AnP6M6gMDyTLJH,Default Response Set,Anonymous,4/27/2015 13:37,4/27/2015 13:50,1,19,3,Poli - USP,1,,6,7,7,2,6,6,7,5,7,5,7,6,6,6,6,7,5,7,6,6,7,4,7,5,3,6,5,7,5,7,5,7,5,5,7,4,7,4,5,6,4,7,5,6,6,7,6,6,7,5,7,6,7,6,5,7,5,6,5,5,6,5,2,4,7,5,6,5,4,7,5,7,4,7,5,3,7,7,7,6,7,5,4,7,3,7,1,6,5,2,4
R_1DYV1NYsiKgaDCQ,Default Response Set,Anonymous,4/27/2015 13:38,4/27/2015 13:50,1,18,1,poli,1,,7,7,7,1,7,4,7,5,5,5,6,4,3,6,5,6,5,7,5,2,6,5,7,5,6,7,4,7,3,5,3,7,4,3,3,7,7,7,7,7,7,7,6,5,6,7,5,4,6,5,6,5,6,6,4,7,5,4,5,7,5,4,5,5,5,5,5,5,4,5,5,6,5,5,5,4,7,4,5,4,5,4,4,5,5,7,4,6,7,6,6
R_2aXHzy0IPEFR9PR,Default Response Set,Anonymous,4/27/2015 13:40,4/27/2015 13:51,1,19,1,Poli Usp,2,,6,7,6,5,6,5,7,4,5,4,6,5,4,6,6,7,6,5,7,6,7,5,7,5,6,7,5,7,4,4,4,7,4,4,5,5,7,5,5,7,5,7,5,4,5,7,5,5,6,6,7,6,5,6,6,7,5,5,5,7,5,5,4,5,6,5,6,4,5,5,5,5,5,7,5,5,5,5,6,5,5,5,5,7,3,7,4,5,6,1,2
R_1BSiBWSmeFPrvAt,Default Response Set,Anonymous,4/27/2015 13:37,4/27/2015 13:51,1,18,2,Poli,2,,1,1,1,7,7,1,1,2,3,2,7,3,3,6,2,7,2,7,7,5,7,5,7,4,5,7,5,7,2,2,4,7,2,4,4,5,7,5,6,7,4,7,3,5,4,6,5,5,6,3,6,4,5,6,5,7,3,4,4,7,4,4,5,5,6,5,6,6,5,6,2,3,3,6,4,4,4,4,6,4,4,6,4,3,2,5,4,7,6,1,3
R_AtyIRYLzMvsaj7P,Default Response Set,Anonymous,4/27/2015 13:38,4/27/2015 13:51,1,17,2,MIT,4,,3,7,1,1,6,2,7,2,1,2,7,4,3,6,2,7,2,3,6,1,7,2,7,1,7,6,1,7,1,1,1,6,1,1,1,5,7,1,4,6,2,7,2,4,1,7,5,1,7,2,6,2,7,5,1,7,1,1,1,7,2,1,2,2,3,1,6,3,1,5,2,2,2,6,3,1,4,3,2,4,1,2,5,7,1,6,1,7,7,2,5
R_9mg6kIXKPLf3TA9,Default Response Set,Anonymous,4/27/2015 13:37,4/27/2015 13:51,1,18,1,Poli,2,,6,7,6,1,5,5,7,5,4,4,7,4,4,5,4,5,4,4,5,4,7,4,7,5,5,6,4,7,4,5,4,6,5,4,6,5,7,5,4,6,4,7,6,4,5,7,5,4,7,6,7,6,6,6,6,7,6,6,6,6,6,6,6,6,6,6,6,6,6,6,5,6,5,6,5,5,6,5,5,5,5,5,5,7,3,7,1,5,6,4,2
R_2zUTHRkezKL0Qh2,Default Response Set,Anonymous,4/27/2015 13:38,4/27/2015 13:54,1,19,3,Escola Politecnica,2,,5,7,5,1,7,6,7,1,4,5,7,4,3,3,5,7,5,4,7,6,7,4,7,4,6,7,5,7,3,5,3,6,3,4,4,3,7,3,5,7,5,7,3,6,3,6,6,4,6,5,6,5,5,7,6,7,4,4,4,6,5,4,4,5,7,5,5,6,5,7,,5,5,5,5,5,5,5,5,5,5,5,5,5,3,7,3,6,7,3,6
R_1qULCympNtcI9PY,Default Response Set,Anonymous,4/27/2015 13:41,4/27/2015 13:54,1,18,3,poli,1,,7,7,7,6,7,5,7,2,2,2,7,1,2,2,7,7,7,7,7,7,7,5,7,4,6,5,4,5,2,7,4,7,5,4,5,4,5,6,2,5,5,5,4,5,5,7,5,5,5,4,7,5,7,5,4,5,4,5,5,7,5,4,5,4,2,5,6,5,4,5,5,2,4,52,5,4,5,4,5,3,,5,4,5,4,1,7,3,5,6,2
R_3k52kYqmmAkMT77,Default Response Set,Anonymous,4/27/2015 13:37,4/27/2015 13:54,1,18 anos,3,POLI,1, ,4,7,5,1,6,5,7,3,4,3,7,3,3,5,5,6,5,7,5,5,5,4,7,4,1,5,4,6,5,6,5,7,4,4,4,4,7,4,4,6,4,6,5,6,5,7,5,5,6,5,6,5,6,6,5,5,4,6,5,7,6,5,2,5,6,5,6,5,6,6,5,7,5,7,5,5,6,4,7,4,4,6,2,7,5,6,5,7,6,5,4
R_5uyAWaspYAH0U7j,Default Response Set,Anonymous,4/27/2015 13:37,4/27/2015 13:54,1,18,3,ita,2,,5,7,5,1,5,7,7,3,1,4,6,2,3,2,5,7,5,3,6,5,7,6,7,6,6,7,4,7,3,1,3,7,2,4,1,5,7,7,7,7,3,7,5,6,7,5,5,5,6,6,7,6,6,7,4,7,4,2,4,6,5,4,2,4,5,4,5,5,3,5,5,2,5,7,3,5,3,4,7,5,3,7,5,7,5,7,3,6,7,5,7
R_ANfb60cfTmWSdUd,Default Response Set,Anonymous,4/27/2015 13:47,4/27/2015 13:57,1,18,3,POLI - USP,2,,5,7,5,3,7,5,7,3,5,6,7,5,4,6,5,7,6,4,7,7,7,4,7,4,6,7,5,7,4,4,6,7,4,5,4,4,7,5,3,7,5,7,4,5,4,7,5,4,7,4,7,5,6,7,6,7,4,6,4,7,6,4,6,4,5,4,7,4,5,7,4,3,4,7,4,4,4,4,4,4,4,4,4,4,1,6,3,4,7,2,5
R_3maS69k0WbFScK7,Default Response Set,Anonymous,4/27/2015 13:43,4/27/2015 13:58,1,18,3,Poli,2,,2,7,4,5,6,3,6,4,4,4,7,4,4,2,4,7,6,7,4,4,7,2,7,3,6,5,3,7,4,6,3,7,5,3,1,3,7,3,6,7,3,7,3,5,5,7,5,4,7,4,5,4,6,5,3,7,4,6,5,7,4,6,1,5,6,6,6,4,6,1,4,5,4,5,3,4,1,2,2,3,2,4,2,7,4,7,3,6,5,2,1
R_3Vi03B6KCB53mwh,Default Response Set,Anonymous,5/5/2015 15:22,5/5/2015 15:28,1,17,3,Insper,4,,3,7,4,1,5,2,6,6,5,4,7,3,2,1,1,3,2,5,4,6,7,1,2,3,7,4,5,6,2,3,1,7,4,5,6,5,4,3,7,2,1,6,6,1,5,7,3,2,4,1,2,3,7,4,5,6,1,2,5,7,4,3,6,5,6,3,7,2,1,4,4,1,5,7,2,3,6,2,6,3,7,5,4,1,2,5,1,7,1,1,3
R_9Rhb7e4MqPQNtkt,Default Response Set,Anonymous,5/5/2015 15:22,5/5/2015 15:28,1,18,1,UFSCAR,7,,4,,,1,5,2,7,4,,,7,5,2,5,4,,,4,5,2,7,4,,,1,5,2,,2,,,7,5,2,,4,,,5,5,2,,,,,7,5,2,,,,,7,5,2,,,,,6,5,2,,,,,1,5,2,,,,,7,5,2,,,,,3,5,2,,3,6,1,5,7,4,7
R_3lzgzFzowM1byM4,Default Response Set,Anonymous,5/5/2015 15:22,5/5/2015 15:28,1,18,1,politecnica ,2,,5,7,5,1,5,5,5,6,6,6,7,6,6,6,6,6,6,6,6,6,6,5,7,5,6,6,5,7,3,3,3,7,3,3,3,4,7,4,5,7,4,7,5,5,5,7,5,5,5,7,7,7,7,7,7,7,3,3,3,7,3,3,3,5,6,6,7,5,5,5,3,3,3,6,3,3,3,4,4,4,4,4,4,4,2,4,1,6,7,5,3
R_2cC42IfZ7C33KUc,Default Response Set,Anonymous,5/5/2015 15:23,5/5/2015 15:28,1,19,1,USP- Escola Politecnica,2,,4,7,4,3,3,4,7,3,4,3,7,3,3,4,5,7,4,6,4,4,7,5,7,4,7,4,5,7,4,6,3,7,3,4,6,3,7,2,7,2,3,7,3,5,4,7,2,3,5,5,7,4,5,4,4,7,3,6,4,7,3,5,6,6,7,5,7,5,5,7,6,6,4,7,5,5,7,5,6,3,5,3,2,7,1,7,1,7,4,1,1
R_1pzgreAWuu3KttI,Default Response Set,Anonymous,5/5/2015 15:22,5/5/2015 15:29,1,17,1,ITA,2,,4,7,4,6,7,6,7,4,5,4,7,5,5,6,6,7,6,5,7,6,7,4,7,4,6,7,5,7,4,5,4,7,6,4,7,3,7,3,6,7,5,7,6,5,6,7,5,6,7,3,7,3,7,7,6,7,5,6,3,7,7,4,6,4,6,4,7,7,3,6,4,7,2,7,6,3,7,3,3,3,5,3,3,7,2,7,2,6,7,2,4
R_sRuSAaQI8CXmAil,Default Response Set,Anonymous,5/5/2015 15:22,5/5/2015 15:29,1,18,1,Escola Politecnica da USP,2,,5,7,5,1,5,2,7,3,3,4,7,3,2,4,4,6,5,4,5,3,6,4,7,5,6,5,2,7,1,2,2,7,2,2,2,4,7,3,6,7,2,6,4,6,5,7,5,4,6,4,7,4,7,7,3,7,3,5,5,6,5,3,4,4,7,5,6,6,6,6,4,5,5,7,5,3,5,3,3,3,3,3,3,3,2,7,1,6,4,3,5
R_eQVOAYRknVqSFW1,Default Response Set,Anonymous,5/5/2015 15:22,5/5/2015 15:29,1,17,1,Insper,4,,5,5,5,1,5,5,7,5,4,5,7,4,4,7,5,7,5,4,5,5,7,5,7,5,7,6,4,7,5,4,5,7,5,5,7,4,7,4,5,7,4,7,5,4,5,7,4,4,7,6,7,6,6,6,4,7,4,5,5,6,5,5,5,5,5,5,7,5,5,6,6,5,6,7,5,5,7,4,5,5,2,5,5,7,2,5,1,7,6,3,4
R_1cY7nqMSCHSSPbX,Default Response Set,Anonymous,5/5/2015 15:22,5/5/2015 15:30,1,18,2,Poli,1,-,5,7,5,2,5,3,5,4,5,4,7,2,1,5,6,6,6,6,6,3,5,5,7,4,4,5,2,6,3,3,4,7,2,2,2,1,7,2,4,4,1,4,5,6,5,7,5,4,3,6,7,4,5,4,5,6,3,4,4,6,3,4,1,3,5,4,5,5,4,2,3,6,3,6,5,3,2,2,3,4,2,1,5,7,2,7,1,5,6,3,4
R_1gC49aWHarAcrRO,Default Response Set,Anonymous,5/5/2015 15:22,5/5/2015 15:30,1,18,2,insper,4,Aqui eh insper porra,6,7,7,2,5,6,7,2,2,2,7,2,3,1,6,6,6,4,6,2,7,5,5,4,5,6,3,7,2,2,2,6,2,3,1,3,7,3,5,7,3,7,2,1,2,7,2,4,4,5,5,5,5,5,5,5,2,2,2,7,2,2,1,2,5,1,7,4,4,4,2,2,2,6,3,4,4,6,6,6,2,2,4,1,3,5,1,7,6,2,4
R_2wnoxYBTx1kaxhB,Default Response Set,Anonymous,5/5/2015 15:22,5/5/2015 15:30,1,18,1,MIT,4,,5,7,5,1,7,3,5,6,1,5,7,2,2,2,6,7,3,4,7,2,7,5,7,5,6,7,3,7,2,1,2,7,2,2,1,6,7,6,7,7,5,7,4,2,4,6,4,2,3,4,4,4,4,4,4,4,4,1,5,7,3,2,1,4,1,5,7,3,2,1,3,1,5,7,4,3,1,4,7,3,2,6,4,7,4,4,1,7,1,5,6
R_DS0cyii3mazUHqp,Default Response Set,Anonymous,5/5/2015 15:25,5/5/2015 15:31,1,17,2,Poli-USP,1,,5,7,5,1,6,5,7,4,2,5,7,3,5,1,5,6,5,6,4,5,7,5,5,5,5,4,4,6,3,2,3,6,2,3,1,4,7,4,4,6,5,5,4,3,6,7,5,4,5,4,6,6,6,5,3,5,5,2,5,7,2,4,1,4,6,5,6,6,4,7,4,2,4,7,5,4,1,3,1,4,4,3,2,7,6,6,2,7,2,5,2
R_2TYJOcmVGGXlGDq,Default Response Set,Anonymous,5/5/2015 15:22,5/5/2015 15:31,1,17,2,MIT,1,,6,7,6,1,5,3,6,1,1,1,7,1,1,1,2,2,2,7,2,4,3,3,7,3,7,3,1,5,2,2,2,7,2,4,4,1,7,1,3,7,1,7,1,6,4,7,6,1,6,6,7,6,6,6,1,7,2,2,2,7,5,1,7,1,2,1,7,2,1,3,1,1,1,1,5,1,1,1,1,1,1,7,1,1,2,7,1,5,6,3,4
R_1IK95YErkdGWHjU,Default Response Set,Anonymous,5/5/2015 15:22,5/5/2015 15:32,1,19,2,Insper,1,,7,7,7,1,5,5,7,4,4,5,7,4,3,4,6,5,6,7,5,4,7,6,7,6,5,7,5,7,4,4,4,7,4,2,3,3,7,3,4,7,2,7,5,6,5,7,7,5,7,5,7,6,7,7,5,7,5,2,5,7,2,2,2,5,5,5,7,4,3,7,4,4,4,7,4,3,4,3,4,3,1,3,5,1,3,7,1,6,5,4,2
R_2zSbnLtWI9k1C8X,Default Response Set,Anonymous,5/5/2015 15:23,5/5/2015 15:32,1,17,1,Poli - USP,1,,7,7,5,1,6,1,7,3,2,4,7,2,1,6,6,7,6,4,7,1,7,6,7,6,5,5,1,7,4,4,4,6,3,1,3,3,7,3,5,7,1,7,7,2,7,7,2,1,7,7,4,7,6,4,1,7,4,4,3,5,4,1,1,5,4,5,6,5,1,5,3,3,3,5,3,1,1,6,6,6,5,6,1,7,2,6,1,3,7,4,5
R_z1rqEwljN20hzUJ,Default Response Set,Anonymous,5/5/2015 15:24,5/5/2015 15:32,1,19,1,Insper,1,,6,7,6,1,5,5,7,3,3,3,7,3,3,6,6,7,6,5,5,6,7,6,7,6,7,5,5,7,2,3,2,7,3,2,4,4,6,5,7,4,3,7,5,3,5,7,3,4,6,5,6,5,7,4,3,7,1,1,1,7,1,3,1,4,4,5,7,4,4,3,4,5,3,7,5,3,5,7,7,7,2,5,5,7,5,2,7,1,3,4,6
R_22KsCgx97s0GSsK,Default Response Set,Anonymous,5/5/2015 15:25,5/5/2015 15:33,1,19,1,MIT,1,,6,7,6,1,6,3,6,3,3,4,7,4,4,1,5,7,4,3,7,4,7,5,6,4,7,5,3,6,4,4,4,7,4,4,2,4,7,4,5,7,2,7,6,4,5,7,5,5,4,4,4,4,6,4,4,4,4,3,4,7,4,4,1,4,4,4,7,4,2,1,4,2,4,7,4,4,1,4,4,4,4,4,4,7,4,6,1,7,2,3,5
R_O273K07fPlsh3Xj,Default Response Set,Anonymous,5/5/2015 15:22,5/5/2015 15:33,1,18,3,POLI,4,,4,7,5,1,3,2,6,5,1,6,7,3,4,2,5,3,6,7,3,4,2,4,6,5,1,3,2,7,4,3,5,7,2,6,1,4,7,5,6,3,1,2,4,4,5,7,3,6,3,5,7,5,7,5,6,7,6,5,5,7,4,5,1,3,3,4,7,4,6,1,3,2,3,7,5,2,1,6,4,5,6,5,4,4,3,2,4,7,2,4,3
R_PGnxFeESvcnt2Pn,Default Response Set,Anonymous,5/5/2015 15:23,5/5/2015 15:33,1,,2,escola politecnica da usp,1,,6,7,6,1,7,7,7,3,3,3,5,3,3,3,6,7,6,1,7,6,7,5,7,5,3,7,4,7,1,1,1,3,1,1,1,5,7,5,2,7,4,7,6,7,6,4,7,6,7,7,7,7,6,7,7,7,4,3,4,5,3,4,1,4,4,4,4,4,4,4,7,5,6,7,5,6,6,4,4,4,3,4,4,7,4,7,4,1,1,6,1
R_1EgRa3jqO1fUGjX,Default Response Set,Anonymous,5/5/2015 15:22,5/5/2015 15:33,1,17,2,Poli,1,,5,7,6,1,6,1,7,3,3,3,7,3,3,1,7,7,7,1,7,1,7,5,7,6,7,4,1,7,2,7,2,7,4,2,1,1,7,1,1,7,1,7,4,4,4,7,4,4,4,4,7,4,7,4,4,7,1,1,1,7,1,1,1,1,1,1,7,4,2,1,1,1,1,7,1,3,5,7,7,7,1,7,7,7,4,7,6,5,3,2,1
R_x42VFpKn4XiJTHz,Default Response Set,Anonymous,5/5/2015 15:23,5/5/2015 15:34,1,17,1,poli,1,-,6,7,6,1,7,6,7,1,1,2,7,1,1,1,6,7,6,4,7,5,7,5,7,5,,7,2,7,1,1,3,7,1,1,1,5,7,5,5,7,2,7,4,3,3,7,3,5,5,5,7,5,5,5,5,7,4,2,4,7,2,4,1,3,3,3,7,3,3,3,3,3,3,6,3,3,3,6,7,6,3,7,1,7,5,7,1,6,2,4,3
R_9nRr13LuCLoizcZ,Default Response Set,Anonymous,5/5/2015 15:22,5/5/2015 15:34,1,21,1,POLI-USP,1,,6,7,3,1,7,6,7,5,6,4,6,3,6,5,4,7,7,2,7,5,7,5,7,5,1,7,6,7,2,5,5,7,4,5,4,5,7,3,3,7,5,7,5,5,6,6,7,5,7,6,7,7,5,7,5,7,4,7,6,7,7,6,2,6,7,6,7,5,5,5,5,7,4,4,7,5,7,5,4,6,3,5,4,7,1,7,5,1,4,2,7
R_3DwMkKpOYrE3QMW,Default Response Set,Anonymous,5/5/2015 15:23,5/5/2015 15:35,1,17 anos,2,Escola Politecnica da USP,1,,4,7,4,1,5,4,7,4,4,4,6,4,4,4,6,7,6,2,6,5,7,4,7,4,4,6,4,7,3,6,4,4,4,4,4,4,7,4,4,6,4,7,5,4,6,7,4,5,4,5,7,5,7,7,5,7,5,4,5,7,4,5,1,4,7,4,6,5,4,5,4,4,4,6,4,4,4,4,6,4,2,5,4,6,2,7,1,4,5,2,2
R_8hIQNvCAkVtlF6x,Default Response Set,Anonymous,5/7/2015 7:34,5/7/2015 7:39,1,18,2,MIT,2,,6,6,4,2,7,5,7,3,7,7,7,3,3,5,7,7,7,7,7,7,7,6,7,6,7,5,6,7,4,6,7,7,6,7,5,4,6,7,6,5,6,7,5,6,5,6,7,6,7,6,5,6,7,5,5,4,4,6,4,5,3,5,6,5,6,6,3,3,3,2,3,7,4,5,4,6,7,3,3,2,4,5,6,7,2,7,6,7,7,6,7
R_3qsV1x5lFy8CvJ4,Default Response Set,Anonymous,5/7/2015 7:33,5/7/2015 7:39,1,18,2,Poli,4,,,7,,3,6,5,7,,2,,7,4,4,3,,7,,5,6,6,7,,7,,7,7,,7,,3,,6,3,,3,,7,,6,7,,7,,5,,7,6,,7,,6,,7,6,,7,,2,,7,4,,5,,5,,7,5,,5,,4,,7,5,,3,,6,,5,5,,7,1,5,3,7,4,2,6
R_2WTkWegcf5yevFt,Default Response Set,Anonymous,5/7/2015 7:34,5/7/2015 7:44,1,17,1,Poli USP,4,,6,7,6,1,6,6,5,4,2,4,7,2,3,2,7,7,7,6,7,7,7,5,7,5,7,7,5,6,2,1,2,7,1,2,1,6,7,6,7,7,4,7,6,3,5,6,3,3,6,7,7,6,7,7,6,7,5,5,5,7,5,5,1,6,5,6,7,6,4,5,2,2,2,7,5,3,1,7,5,5,2,6,6,7,3,5,1,7,2,4,6
R_rcOf0cmVYLCvFzr,Default Response Set,Anonymous,5/7/2015 7:34,5/7/2015 7:44,1,18,1,"Poli, Mit",4,,5,7,4,2,5,7,7,3,3,3,7,3,3,4,5,7,5,4,5,5,7,3,7,4,7,4,3,6,4,3,2,7,4,3,3,2,7,2,6,7,3,3,3,4,4,7,3,3,6,4,6,4,6,4,4,6,2,4,2,6,2,2,1,2,4,2,7,2,2,3,2,2,2,7,4,2,1,6,7,6,1,5,5,7,3,6,1,7,4,2,5
R_3LZ3uYW8WREVMGS,Default Response Set,Anonymous,5/7/2015 7:38,5/7/2015 7:44,1,18,2,IME,2,,2,6,3,4,5,1,7,2,6,3,7,5,4,1,1,6,2,5,4,3,7,1,5,2,6,4,3,7,1,2,3,7,4,5,6,4,7,3,2,6,1,5,2,5,3,7,4,1,6,2,5,3,7,4,1,6,2,6,3,7,5,4,1,1,5,2,7,3,4,6,2,5,3,7,4,1,6,3,6,4,1,5,2,7,3,5,1,6,7,2,4
R_31BhX8S16qTINL6,Default Response Set,Anonymous,5/7/2015 7:33,5/7/2015 7:44,1,22,3,Insper,4,,4,7,6,1,6,5,5,4,3,4,7,4,5,4,5,6,6,5,6,4,6,5,7,6,7,6,4,7,4,3,4,7,5,6,3,3,7,3,4,7,3,7,5,4,6,7,5,5,5,5,7,5,7,6,3,6,4,3,4,7,4,5,2,5,6,5,7,6,4,6,4,4,5,7,5,6,5,4,7,6,5,6,3,7,5,2,6,1,4,7,3
R_5BcdqwmwlzWq85X,Default Response Set,Anonymous,5/7/2015 7:39,5/7/2015 7:45,1,23,2,MIT,4,,1,1,1,1,1,1,1,1,1,1,7,1,1,1,1,1,1,7,1,1,1,1,1,1,7,1,1,1,1,1,1,7,1,1,1,1,1,1,7,1,1,1,1,1,1,7,1,1,1,1,1,1,7,1,1,1,1,1,1,7,1,1,1,1,1,1,7,1,1,1,1,1,1,7,1,1,1,1,1,1,1,1,1,1,3,6,1,7,2,4,5
R_1CBIMOxBl8pZL8G,Default Response Set,Anonymous,5/7/2015 7:35,5/7/2015 7:46,1,18 anos,1,POLI-USP,2,,6,7,6,1,6,5,6,2,3,3,7,3,3,3,6,7,6,3,7,5,7,5,7,6,6,7,4,7,5,5,5,7,5,4,5,6,7,5,5,7,4,7,5,5,5,7,5,5,6,6,5,6,7,6,5,7,6,4,5,7,6,6,2,5,7,5,6,7,4,7,4,5,4,6,6,4,6,7,7,7,3,6,4,7,4,6,3,6,7,4,6
R_7VwVOQfX3fDcSt7,Default Response Set,Anonymous,5/7/2015 7:35,5/7/2015 7:47,1,18,2,Insper,2,,5,7,6,3,6,6,7,5,4,4,7,4,4,2,6,7,6,6,6,6,7,7,7,7,7,7,6,7,6,5,5,6,5,5,4,7,7,7,7,7,6,7,6,5,7,7,5,7,6,7,7,7,7,7,6,7,6,6,6,6,6,6,5,7,7,7,7,7,7,7,7,6,6,7,6,6,5,4,3,4,3,3,3,5,4,6,2,7,1,5,3
R_2Pegz6Foc2S5y20,Default Response Set,Anonymous,5/7/2015 7:35,5/7/2015 7:47,1,Homero Mazza,1,POLI,1,,7,7,7,1,7,6,5,2,2,2,7,2,2,3,6,7,6,4,7,5,7,5,7,6,1,6,4,7,5,4,5,7,2,2,6,2,7,2,1,7,3,7,5,3,5,7,3,4,5,6,7,6,7,6,4,7,2,2,2,7,2,4,4,4,4,4,7,4,5,5,4,4,4,7,4,4,5,6,7,6,5,7,4,7,4,7,4,6,7,4,6
R_1im6e4kylaghyuQ,Default Response Set,Anonymous,5/7/2015 7:36,5/7/2015 7:47,1,19 anos,2,Insper,4,,7,7,7,1,7,7,7,1,1,2,7,2,1,1,7,7,6,5,7,7,7,5,7,5,7,6,4,7,2,1,4,7,4,4,1,1,6,1,7,7,1,7,1,1,5,7,4,1,7,4,6,5,7,4,1,7,1,1,1,7,1,1,1,2,2,5,7,6,3,6,2,2,5,7,4,3,6,4,6,4,1,4,3,7,4,3,1,7,5,2,6
R_3kkblu2iZUjSofG,Default Response Set,Anonymous,5/7/2015 7:36,5/7/2015 7:48,1,20,2,ITA,2,,6,7,6,2,6,6,7,4,5,4,7,4,5,5,6,7,6,4,6,6,7,5,7,5,5,6,4,7,4,5,4,7,4,3,5,4,7,4,5,7,4,7,5,6,5,7,5,5,6,6,7,6,7,6,5,7,5,4,5,7,5,4,4,5,7,5,7,6,5,7,5,6,5,6,6,5,6,5,6,4,1,4,4,7,1,6,2,4,7,3,5
R_2t35GecFPDn7SIT,Default Response Set,Anonymous,5/7/2015 7:41,5/7/2015 7:49,1,17,1,POLI,2,,3,7,4,1,5,2,6,2,7,3,5,6,1,4,2,x,3,x,x,1,x,2,6,4,3,5,1,7,3,5,6,7,4,2,1,2,7,3,4,5,1,6,x,x,x,7,x,x,x,2,6,3,4,5,1,7,3,5,6,7,4,2,1,x,x,x,x,x,x,x,2,7,3,4,5,1,6,2,6,3,7,4,1,5,4,7,1,5,3,2,6
R_2AKX7Y9ktfR2Z9h,Default Response Set,Anonymous,5/7/2015 7:34,5/7/2015 7:51,1,18,3,MIT,4,,6,7,6,1,7,6,7,3,2,3,7,2,3,3,6,2,6,7,2,4,6,4,5,4,6,5,3,6,2,1,2,7,1,1,1,6,6,6,7,6,5,6,6,3,6,7,3,5,6,6,6,6,6,6,5,6,5,3,5,7,3,3,1,4,2,4,7,2,3,4,5,3,5,7,3,4,5,2,2,2,1,2,2,2,5,1,2,7,1,5,1
R_3spRwq6Oqs9pvS8,Default Response Set,Anonymous,5/7/2015 7:44,5/7/2015 7:51,1,20,2,Poli-USP,1,,2,6,5,1,3,4,7,3,6,4,7,1,2,5,1,6,5,4,2,3,7,3,6,4,7,2,1,5,5,4,6,7,3,2,1,2,7,3,4,5,1,6,2,5,4,7,3,1,6,2,5,3,7,4,1,6,5,4,6,7,3,2,1,2,6,5,7,3,1,4,3,4,6,7,5,2,1,3,5,4,6,2,1,7,3,7,1,6,5,2,4
R_3g8b0iSApNzYrJW,Default Response Set,Anonymous,5/7/2015 7:34,5/7/2015 7:52,1,19,2,Poli,4,,2,7,5,1,3,4,6,2,4,3,7,5,1,6,2,6,3,5,4,1,7,2,6,3,5,4,1,7,4,3,5,7,6,1,2,2,6,3,4,5,1,7,3,2,5,7,1,4,6,4,6,3,5,2,1,7,3,4,2,5,1,6,7,2,5,4,7,3,1,6,3,2,4,6,5,7,1,2,6,3,1,5,4,7,2,7,1,6,5,3,4
R_3Pn4T36xZZDaIck,Default Response Set,Anonymous,5/7/2015 7:36,5/7/2015 7:53,1,18,2,poli,4,,4,7,3,1,6,2,5,2,5,3,7,4,1,6,2,6,3,7,4,1,5,3,7,4,1,5,2,6,3,6,4,7,5,2,1,2,7,3,4,5,1,6,3,1,4,7,2,6,5,2,6,3,7,5,1,4,4,3,5,7,2,6,1,4,1,5,7,6,2,3,3,5,4,7,2,6,1,5,7,4,1,3,2,6,3,6,1,7,5,2,4
R_3pr7mMQ7TZTXOWX,Default Response Set,Anonymous,5/10/2015 21:16,5/10/2015 21:21,1,21 anos,2,MIT,4,,,5,,1,,,,,2,,7,,,,,7,,4,,,,,6,,7,,,,,2,,7,,,,,7,,7,,,,,5,,7,,,,,6,,7,,,,,4,,7,,,,,3,,7,,,,,2,,7,,,,,6,,1,,,,,5,,7,5,,5
R_etYeCPFkjJrLWgR,Default Response Set,Anonymous,5/10/2015 21:29,5/10/2015 21:31,0,,,,,,,,,,,,,,,,,,,,,,,,,,,,,,,,,,,,,,,,,,,,,,,,,,,,,,,,,,,,,,,,,,,,,,,,,,,,,,,,,,,,,,,,,,,,,,,,
R_1F8OvnGRJ9b1Xey,Default Response Set,Anonymous,5/10/2015 21:34,5/10/2015 21:35,0,,,,,,,,,,,,,,,,,,,,,,,,,,,,,,,,,,,,,,,,,,,,,,,,,,,,,,,,,,,,,,,,,,,,,,,,,,,,,,,,,,,,,,,,,,,,,,,,
R_3QXmq0dGkvl8yE0,Default Response Set,Anonymous,5/10/2015 21:36,5/10/2015 21:42,1,18,2,MIT,4,,5,6,5,1,6,5,7,5,4,5,6,4,5,3,5,6,5,3,6,5,7,4,6,4,6,5,5,7,4,3,4,7,3,4,4,5,7,5,4,7,5,5,5,3,5,7,4,6,6,5,6,5,6,6,5,6,5,5,5,5,5,5,5,5,6,5,6,5,5,6,5,4,5,7,4,5,3,4,6,4,3,4,4,7,5,6,4,7,1,3,2
R_eRP9nS4M9Rv0kdX,Default Response Set,Anonymous,5/11/2015 19:55,5/11/2015 20:00,1,18,1,ITA,2,,6,7,6,1,6,4,7,6,5,6,7,5,6,4,6,7,5,5,7,5,7,7,7,7,5,6,7,7,5,4,6,7,5,5,4,4,7,5,6,7,4,7,5,3,5,5,3,6,7,6,7,6,7,7,6,7,6,4,7,7,4,6,5,6,7,6,7,5,6,7,6,6,6,6,6,6,6,4,6,3,2,5,5,6,3,5,1,6,7,2,4
R_RJMntPciPUqPkBP,Default Response Set,Anonymous,5/11/2015 20:00,5/11/2015 20:07,1,18,3,POLI,2,,2,7,4,1,5,4,7,1,1,5,6,1,3,4,4,7,5,6,1,3,4,3,7,4,5,6,3,7,1,1,3,7,1,4,1,5,7,5,5,7,4,7,3,6,4,7,5,3,6,4,7,4,7,6,4,7,5,1,5,3,1,3,1,1,1,1,1,1,1,1,3,3,4,6,3,3,4,1,1,4,5,1,1,6,1,7,1,7,7,1,1
